Р¤РРћ РїРѕР»РЅРѕСЃС‚СЊСЋ;Р”РµРїР°СЂС‚Р°РјРµРЅС‚;РћС‚РґРµР»;Р”РѕР»Р¶РЅРѕСЃС‚СЊ;РћС†РµРЅРєР°;РћРєР»Р°Рґ
РљСѓР·СЊРјРёРЅР° Р›СЋР±РѕРІСЊ Р¤РµР»РёРєСЃРѕРІРЅР°;Р Р°Р·СЂР°Р±РѕС‚РєР°;Р’РЅСѓС‚СЂРµРЅРЅРёР№ РїРѕСЂС‚Р°Р»;Backend-РёРЅР¶РµРЅРµСЂ;04.май;89000
РњСЏСЃРЅРёРєРѕРІ РўРёС‚ Р”Р°РЅРёР»РѕРІРёС‡;РњР°СЂРєРµС‚РёРЅРі;Performance;РњР°СЂРєРµС‚РёРЅРі-РјРµРЅРµРґР¶РµСЂ;04.май;80100
РћР»РµРі Р“РµРѕСЂРіРёРµРІРёС‡ Р’РѕСЂРѕРЅС†РѕРІ;Р‘СѓС…РіР°Р»С‚РµСЂРёСЏ;Р—Р°СЂРїР»Р°С‚Р°;Р‘СѓС…РіР°Р»С‚РµСЂ;04.май;113100
С‚РѕРІ. Р¤РѕРјРёРЅ РќР°С‚Р°РЅ Р•С„СЃС‚Р°С„СЊРµРІРёС‡;РњР°СЂРєРµС‚РёРЅРі;Direct;РњР°СЂРєРµС‚РёРЅРі-РјРµРЅРµРґР¶РµСЂ;04.май;119400
РќР°РёРЅР° РќР°СѓРјРѕРІРЅР° РљР°СЂРїРѕРІР°;Р Р°Р·СЂР°Р±РѕС‚РєР°;РџР»Р°С‚С„РѕСЂРјР°;Android-РёРЅР¶РµРЅРµСЂ;04.апр;68200
Р–СѓРєРѕРІ Р•РІР»Р°РјРїРёР№ РђРґСЂРёР°РЅРѕРІРёС‡;РђРЅР°Р»РёС‚РёРєР°;Product;ML-РёРЅР¶РµРЅРµСЂ;03.июл;75100
Р РµРіРёРЅР° РќРёРєРѕР»Р°РµРІРЅР° РЁРµСЃС‚Р°РєРѕРІР°;Р Р°Р·СЂР°Р±РѕС‚РєР°;Р’РЅСѓС‚СЂРµРЅРЅРёР№ РїРѕСЂС‚Р°Р»;iOS-РёРЅР¶РµРЅРµСЂ;04.сен;121300
РњРёСЂРѕРЅРѕРІ РЈСЃС‚РёРЅ Р”Р°РІРёРґРѕРІРёС‡;Р Р°Р·СЂР°Р±РѕС‚РєР°;Р’РЅСѓС‚СЂРµРЅРЅРёР№ РїРѕСЂС‚Р°Р»;iOS-РёРЅР¶РµРЅРµСЂ;04.фев;85100
Р›РёРґРёСЏ РњР°РєР°СЂРѕРІРЅР° РЎСѓР±Р±РѕС‚РёРЅР°;Р Р°Р·СЂР°Р±РѕС‚РєР°;РћСЃРЅРѕРІРЅРѕР№ РїСЂРѕРґСѓРєС‚;iOS-РёРЅР¶РµРЅРµСЂ;03.июн;120500
РђРЅР¶РµР»РёРєР° РњРёС…Р°Р№Р»РѕРІРЅР° РўСѓСЂРѕРІР°;РџСЂРѕРґР°Р¶Рё;Р“РѕСЃС‹;Key account manager;5.0;65600
Р’СЃРµРІРѕР»РѕРґ Р”Р°РІС‹РґРѕРІРёС‡ Р”РµРјРµРЅС‚СЊРµРІ;Р‘СѓС…РіР°Р»С‚РµСЂРёСЏ;Р—Р°СЂРїР»Р°С‚Р°;Р‘СѓС…РіР°Р»С‚РµСЂ;04.авг;81400
РњРёСЂРѕРЅ Р®Р»СЊРµРІРёС‡ Р РѕРґРёРѕРЅРѕРІ;РђРЅР°Р»РёС‚РёРєР°;DWH;Data Science РёРЅР¶РµРЅРµСЂ;04.июл;70000
Р”Р°РІС‹РґРѕРІР° РўР°РјР°СЂР° РђСЂС‚РµРјРѕРІРЅР°;Р‘СѓС…РіР°Р»С‚РµСЂРёСЏ;РљРѕРјРїРµРЅСЃР°С†РёРё Рё Р»СЊРіРѕС‚С‹;Р‘СѓС…РіР°Р»С‚РµСЂ;03.сен;65000
Р Р°РґРѕРІР°РЅ РР·РјР°РёР»РѕРІРёС‡ РљРёСЃРµР»РµРІ;РњР°СЂРєРµС‚РёРЅРі;Direct;РњР°СЂРєРµС‚РёРЅРі-РјРµРЅРµРґР¶РµСЂ;04.фев;115400
РњР°СЂРёСЏ РЎРµРјРµРЅРѕРІРЅР° РЎСѓРІРѕСЂРѕРІР°;РџСЂРѕРґР°Р¶Рё;B2B;Key account manager;03.сен;111000
Р’РµСЂРѕРЅРёРєР° РђСЃРєРѕР»СЊРґРѕРІРЅР° РђР±СЂР°РјРѕРІР°;РђРЅР°Р»РёС‚РёРєР°;DWH;Data Science РёРЅР¶РµРЅРµСЂ;04.июл;122800
Р’СЏС‡РµСЃР»Р°РІ РђР±СЂР°РјРѕРІРёС‡ РњРѕР»С‡Р°РЅРѕРІ;РњР°СЂРєРµС‚РёРЅРі;Performance;РњР°СЂРєРµС‚РёРЅРі-РјРµРЅРµРґР¶РµСЂ;04.мар;97300
РўР°СЂР°СЃРѕРІ РРѕСЃРёС„ РўРµР№РјСѓСЂР°Р·РѕРІРёС‡;РђРЅР°Р»РёС‚РёРєР°;Product;ML-РёРЅР¶РµРЅРµСЂ;04.июн;73900
Р”Р°РІС‹Рґ РўСЂРёС„РѕРЅРѕРІРёС‡ РљРѕРЅСЃС‚Р°РЅС‚РёРЅРѕРІ;Р‘СѓС…РіР°Р»С‚РµСЂРёСЏ;Р—Р°СЂРїР»Р°С‚Р°;Р‘СѓС…РіР°Р»С‚РµСЂ;04.янв;102400
РўСЂРѕС„РёРјРѕРІР° РЈР»СЊСЏРЅР° РљРёСЂРёР»Р»РѕРІРЅР°;РњР°СЂРєРµС‚РёРЅРі;Direct;РњР°СЂРєРµС‚РёРЅРі-РјРµРЅРµРґР¶РµСЂ;03.июн;92800
РћРЅСѓС„СЂРёР№ РҐР°СЂР»Р°РјРѕРІРёС‡ РљР°Р·Р°РєРѕРІ;РђРЅР°Р»РёС‚РёРєР°;Product;Data Science РёРЅР¶РµРЅРµСЂ;03.июл;110000
Р¤РѕРјРёРЅР° РђР»Р»Р° РЎРµСЂРіРµРµРІРЅР°;Р Р°Р·СЂР°Р±РѕС‚РєР°;Р’РЅСѓС‚СЂРµРЅРЅРёР№ РїРѕСЂС‚Р°Р»;Android-РёРЅР¶РµРЅРµСЂ;04.апр;85500
РџРѕС‚Р°Рї Р’РёРєС‚РѕСЂРѕРІРёС‡ Р‘РµР»РѕРІ;Р Р°Р·СЂР°Р±РѕС‚РєР°;РћСЃРЅРѕРІРЅРѕР№ РїСЂРѕРґСѓРєС‚;iOS-РёРЅР¶РµРЅРµСЂ;03.июл;61500
РЎРёРіРёР·РјСѓРЅРґ Р•СЂРѕС„РµРµРІРёС‡ РќРѕСЃРєРѕРІ;РњР°СЂРєРµС‚РёРЅРі;Performance;РњР°СЂРєРµС‚РёРЅРі-РјРµРЅРµРґР¶РµСЂ;04.авг;62100
Р’Р»Р°СЃРѕРІР° РљСЃРµРЅРёСЏ РќРёРєРѕР»Р°РµРІРЅР°;РђРЅР°Р»РёС‚РёРєР°;DWH;ML-РёРЅР¶РµРЅРµСЂ;5.0;98200
РќРёРЅРµР»СЊ Р’РµРЅРёР°РјРёРЅРѕРІРЅР° РўРёС‚РѕРІР°;Р‘СѓС…РіР°Р»С‚РµСЂРёСЏ;РљРѕРјРїРµРЅСЃР°С†РёРё Рё Р»СЊРіРѕС‚С‹;Р‘СѓС…РіР°Р»С‚РµСЂ;04.авг;58800
РРІР°РЅРѕРІР° Р­Р»РµРѕРЅРѕСЂР° РЎС‚Р°РЅРёСЃР»Р°РІРѕРІРЅР°;Р‘СѓС…РіР°Р»С‚РµСЂРёСЏ;Р—Р°СЂРїР»Р°С‚Р°;Р‘СѓС…РіР°Р»С‚РµСЂ;04.мар;88000
РљРѕРІР°Р»РµРІР° РўР°РёСЃРёСЏ РђР»РµРєСЃРµРµРІРЅР°;РђРЅР°Р»РёС‚РёРєР°;DWH;ML-РёРЅР¶РµРЅРµСЂ;04.янв;75900
РЎР°РјСЃРѕРЅ Р’Р°Р»РµСЂСЊРµРІРёС‡ РљРѕРЅРґСЂР°С‚СЊРµРІ;РђРЅР°Р»РёС‚РёРєР°;Product;ML-РёРЅР¶РµРЅРµСЂ;03.май;112700
РљР°СЂРїРѕРІ РРІР°РЅ РђС„Р°РЅР°СЃСЊРµРІРёС‡;Р‘СѓС…РіР°Р»С‚РµСЂРёСЏ;РљРѕРјРїРµРЅСЃР°С†РёРё Рё Р»СЊРіРѕС‚С‹;Р‘СѓС…РіР°Р»С‚РµСЂ;03.авг;124900
Рі-РЅ Р›РѕРіРёРЅРѕРІ Р—РѕСЃРёРјР° РђРЅС‚РѕРЅРѕРІРёС‡;Р‘СѓС…РіР°Р»С‚РµСЂРёСЏ;Р—Р°СЂРїР»Р°С‚Р°;Р‘СѓС…РіР°Р»С‚РµСЂ;04.апр;83300
Р’РёРєС‚РѕСЂРёСЏ Р“РµРЅРЅР°РґСЊРµРІРЅР° Р’РѕР»РєРѕРІР°;Р‘СѓС…РіР°Р»С‚РµСЂРёСЏ;Р—Р°СЂРїР»Р°С‚Р°;Р‘СѓС…РіР°Р»С‚РµСЂ;03.июл;79100
РЎРѕСЂРѕРєРёРЅ РСЃРёРґРѕСЂ Р•С„РёРјСЊРµРІРёС‡;РњР°СЂРєРµС‚РёРЅРі;Direct;РњР°СЂРєРµС‚РёРЅРі-РјРµРЅРµРґР¶РµСЂ;04.сен;90800
РђР»РµРєСЃР°РЅРґСЂР° РђРЅР°С‚РѕР»СЊРµРІРЅР° Р›РёС…Р°С‡РµРІР°;Р‘СѓС…РіР°Р»С‚РµСЂРёСЏ;Р—Р°СЂРїР»Р°С‚Р°;Р‘СѓС…РіР°Р»С‚РµСЂ;04.мар;107100
Р‘СѓСЂРѕРІР° РђРЅС‚РѕРЅРёРЅР° РћР»РµРіРѕРІРЅР°;РњР°СЂРєРµС‚РёРЅРі;Direct;РњР°СЂРєРµС‚РёРЅРі-РјРµРЅРµРґР¶РµСЂ;04.июн;121600
Р¤СЂРѕР»РѕРІР° РСЂРёРЅР° РќР°СѓРјРѕРІРЅР°;Р‘СѓС…РіР°Р»С‚РµСЂРёСЏ;Р—Р°СЂРїР»Р°С‚Р°;Р‘СѓС…РіР°Р»С‚РµСЂ;04.авг;116100
Р•СЂРјРёР» РСЃРёРґРѕСЂРѕРІРёС‡ Р“СѓР»СЏРµРІ;РђРЅР°Р»РёС‚РёРєР°;Product;Data Science РёРЅР¶РµРЅРµСЂ;04.янв;70100
Р©СѓРєРёРЅР° Р•Р»РёР·Р°РІРµС‚Р° РЎС‚Р°РЅРёСЃР»Р°РІРѕРІРЅР°;РџСЂРѕРґР°Р¶Рё;B2B;Sales manager;03.авг;94400
Р’Р°СЃРёР»РёСЃР° РњР°РєР°СЂРѕРІРЅР° РџРѕС‚Р°РїРѕРІР°;РџСЂРѕРґР°Р¶Рё;B2C;Key account manager;04.июл;113700
РРіРЅР°С‚РѕРІ Р¤РµСЂР°РїРѕРЅС‚ Р•С„СЃС‚Р°С„СЊРµРІРёС‡;РњР°СЂРєРµС‚РёРЅРі;Performance;РњР°СЂРєРµС‚РёРЅРі-РјРµРЅРµРґР¶РµСЂ;04.авг;103500
Р”Р°РЅРёР»Р° Р“Р»РµР±РѕРІРёС‡ Р РѕРјР°РЅРѕРІ;РђРЅР°Р»РёС‚РёРєР°;DWH;ML-РёРЅР¶РµРЅРµСЂ;04.июл;75800
РќРёРєРёС‚Р° РђСЂС‚СѓСЂРѕРІРёС‡ РљРѕРЅРґСЂР°С‚СЊРµРІ;РђРЅР°Р»РёС‚РёРєР°;DWH;Data Science РёРЅР¶РµРЅРµСЂ;04.сен;61600
Р›РѕР±Р°РЅРѕРІ РђС„РёРЅРѕРіРµРЅ РРѕСЃРёРїРѕРІРёС‡;Р‘СѓС…РіР°Р»С‚РµСЂРёСЏ;РљРѕРјРїРµРЅСЃР°С†РёРё Рё Р»СЊРіРѕС‚С‹;Р‘СѓС…РіР°Р»С‚РµСЂ;04.авг;120400
Р•СЂРјРёР» Р“РµРѕСЂРіРёРµРІРёС‡ РљРёСЂРёР»Р»РѕРІ;РџСЂРѕРґР°Р¶Рё;Р“РѕСЃС‹;Sales manager;04.май;67500
РСЂРёРЅР° РЎРµСЂРіРµРµРІРЅР° РљРѕС€РµР»РµРІР°;РђРЅР°Р»РёС‚РёРєР°;Product;ML-РёРЅР¶РµРЅРµСЂ;04.фев;117700
РЎРёС‚РЅРёРєРѕРІР° Р•РІРіРµРЅРёСЏ РќРёРєРѕР»Р°РµРІРЅР°;РњР°СЂРєРµС‚РёРЅРі;Direct;РњР°СЂРєРµС‚РёРЅРі-РјРµРЅРµРґР¶РµСЂ;03.май;71100
РРЅРЅРѕРєРµРЅС‚РёР№ Р–Р°РЅРѕРІРёС‡ РњР°СЃР»РѕРІ;Р‘СѓС…РіР°Р»С‚РµСЂРёСЏ;РљРѕРјРїРµРЅСЃР°С†РёРё Рё Р»СЊРіРѕС‚С‹;Р‘СѓС…РіР°Р»С‚РµСЂ;03.июл;83000
РћРЅСѓС„СЂРёР№ Р’Р°СЃРёР»СЊРµРІРёС‡ РљСѓР»Р°РіРёРЅ;РџСЂРѕРґР°Р¶Рё;B2C;Key account manager;04.сен;89600
РђСЂС‚РµРјСЊРµРІ РўРёРјСѓСЂ РђРЅРёСЃРёРјРѕРІРёС‡;РђРЅР°Р»РёС‚РёРєР°;DWH;Data Science РёРЅР¶РµРЅРµСЂ;04.апр;110400
С‚РѕРІ. РљРѕСЃС‚РёРЅР° Р›РёРґРёСЏ РќРёРєРёС„РѕСЂРѕРІРЅР°;Р Р°Р·СЂР°Р±РѕС‚РєР°;Р’РЅСѓС‚СЂРµРЅРЅРёР№ РїРѕСЂС‚Р°Р»;Frontend-РёРЅР¶РµРЅРµСЂ;03.июн;72400
РђР»РёРЅР° РќРёР»РѕРІРЅР° РќРёРєРѕР»Р°РµРІР°;Р‘СѓС…РіР°Р»С‚РµСЂРёСЏ;РљРѕРјРїРµРЅСЃР°С†РёРё Рё Р»СЊРіРѕС‚С‹;Р‘СѓС…РіР°Р»С‚РµСЂ;04.апр;124500
РџРѕРїРѕРІР° Р›РѕСЂР° Р—Р°С…Р°СЂРѕРІРЅР°;Р Р°Р·СЂР°Р±РѕС‚РєР°;РћСЃРЅРѕРІРЅРѕР№ РїСЂРѕРґСѓРєС‚;Frontend-РёРЅР¶РµРЅРµСЂ;03.май;73000
РњРёСЂРѕРЅ Р¤РѕРјРёС‡ РЎР°РјРѕР№Р»РѕРІ;Р Р°Р·СЂР°Р±РѕС‚РєР°;РћСЃРЅРѕРІРЅРѕР№ РїСЂРѕРґСѓРєС‚;РџСЂРѕРґР°РєС‚-РјРµРЅРµРґР¶РµСЂ;04.июл;77600
Р Р°РґРѕРІР°РЅ Р§РµСЃР»Р°РІРѕРІРёС‡ РўРёРјРѕС„РµРµРІ;РџСЂРѕРґР°Р¶Рё;Р“РѕСЃС‹;Sales manager;4.0;99200
РљСЂСЋРєРѕРІ РЎР°РјСѓРёР» Р’РёС‚Р°Р»СЊРµРІРёС‡;Р Р°Р·СЂР°Р±РѕС‚РєР°;РћСЃРЅРѕРІРЅРѕР№ РїСЂРѕРґСѓРєС‚;iOS-РёРЅР¶РµРЅРµСЂ;04.мар;121100
РђРІС‚РѕРЅРѕРј Р”РѕСЂРѕС„РµРµРІРёС‡ РЎСѓС…Р°РЅРѕРІ;Р Р°Р·СЂР°Р±РѕС‚РєР°;Р’РЅСѓС‚СЂРµРЅРЅРёР№ РїРѕСЂС‚Р°Р»;iOS-РёРЅР¶РµРЅРµСЂ;03.июн;65600
РњР°РєР°СЂ РђРЅРёСЃРёРјРѕРІРёС‡ РњРµСЂРєСѓС€РµРІ;РџСЂРѕРґР°Р¶Рё;B2B;Key account manager;04.май;81000
С‚РѕРІ. Р‘РѕСЂРёСЃРѕРІР° РђРЅР°СЃС‚Р°СЃРёСЏ РђРЅР°С‚РѕР»СЊРµРІРЅР°;Р Р°Р·СЂР°Р±РѕС‚РєР°;РџР»Р°С‚С„РѕСЂРјР°;Backend-РёРЅР¶РµРЅРµСЂ;04.янв;68400
РќРёРєРёС‚РёРЅ РњР°РєР°СЂ РўСЂРѕС„РёРјРѕРІРёС‡;РџСЂРѕРґР°Р¶Рё;Р“РѕСЃС‹;Sales manager;03.май;73900
РђРєСѓР»РёРЅР° Р‘РѕРіРґР°РЅРѕРІРЅР° Р¤Р°РґРµРµРІР°;РџСЂРѕРґР°Р¶Рё;B2B;Key account manager;04.авг;74900
Р’Р»Р°РґР»РµРЅ РҐР°СЂР»Р°РјРїРѕРІРёС‡ РћСЂРµС…РѕРІ;РџСЂРѕРґР°Р¶Рё;Р“РѕСЃС‹;Key account manager;4.0;83600
РЎРёРЅРєР»РёС‚РёРєРёСЏ Р­РґСѓР°СЂРґРѕРІРЅР° РўРµС‚РµСЂРёРЅР°;РџСЂРѕРґР°Р¶Рё;B2B;Sales manager;04.авг;94300
Р¤РµРІСЂРѕРЅРёСЏ Р СѓРґРѕР»СЊС„РѕРІРЅР° РљРѕРїС‹Р»РѕРІР°;Р Р°Р·СЂР°Р±РѕС‚РєР°;РћСЃРЅРѕРІРЅРѕР№ РїСЂРѕРґСѓРєС‚;Frontend-РёРЅР¶РµРЅРµСЂ;03.июл;60500
РљРёСЂ РР»СЊСЏСЃРѕРІРёС‡ РљРѕРІР°Р»РµРІ;РџСЂРѕРґР°Р¶Рё;Р“РѕСЃС‹;Sales manager;03.июн;107400
Р¤РѕРјРёРЅР° РђРЅР¶РµР»Р° Р“СЂРёРіРѕСЂСЊРµРІРЅР°;РњР°СЂРєРµС‚РёРЅРі;Direct;РњР°СЂРєРµС‚РёРЅРі-РјРµРЅРµРґР¶РµСЂ;04.апр;114800
РњРѕР»С‡Р°РЅРѕРІР° Р›РёРґРёСЏ РЎРµСЂРіРµРµРІРЅР°;РњР°СЂРєРµС‚РёРЅРі;Direct;РњР°СЂРєРµС‚РёРЅРі-РјРµРЅРµРґР¶РµСЂ;4.0;64700
Р‘РѕСЏРЅ РђСЂСЃРµРЅРѕРІРёС‡ РЎР°РјРѕР№Р»РѕРІ;РђРЅР°Р»РёС‚РёРєР°;Product;Data Science РёРЅР¶РµРЅРµСЂ;03.июн;67400
РўРёС…РѕРЅ РђСЂСЃРµРЅРѕРІРёС‡ РљРёСЂРёР»Р»РѕРІ;Р Р°Р·СЂР°Р±РѕС‚РєР°;Р’РЅСѓС‚СЂРµРЅРЅРёР№ РїРѕСЂС‚Р°Р»;РџСЂРѕРґР°РєС‚-РјРµРЅРµРґР¶РµСЂ;04.июл;86100
Р’Р°Р»РµРЅС‚РёРЅР° РЎРµРјРµРЅРѕРІРЅР° РњР°РјРѕРЅС‚РѕРІР°;Р Р°Р·СЂР°Р±РѕС‚РєР°;Р’РЅСѓС‚СЂРµРЅРЅРёР№ РїРѕСЂС‚Р°Р»;iOS-РёРЅР¶РµРЅРµСЂ;03.июн;76500
РђР»Р»Р° РџР°РІР»РѕРІРЅР° РђРЅС‚РѕРЅРѕРІР°;РђРЅР°Р»РёС‚РёРєР°;DWH;Data Science РёРЅР¶РµРЅРµСЂ;5.0;97700
Р‘РёСЂСЋРєРѕРІ РќР°С‚Р°РЅ Р“РµСЂС‚СЂСѓРґРѕРІРёС‡;РџСЂРѕРґР°Р¶Рё;Р“РѕСЃС‹;Sales manager;03.май;103600
Р”РµРјРµРЅС‚РёР№ Р“Р°РІСЂРёР»РѕРІРёС‡ РЁСѓР±РёРЅ;Р Р°Р·СЂР°Р±РѕС‚РєР°;РџР»Р°С‚С„РѕСЂРјР°;iOS-РёРЅР¶РµРЅРµСЂ;5.0;118400
РђРЅРЅР° Р’Р»Р°РґРёРјРёСЂРѕРІРЅР° РњРµСЂРєСѓС€РµРІР°;РђРЅР°Р»РёС‚РёРєР°;DWH;ML-РёРЅР¶РµРЅРµСЂ;04.май;63500
РЎРѕРєРѕР»РѕРІР° РСЏ Р­Р»СЊРґР°СЂРѕРІРЅР°;Р Р°Р·СЂР°Р±РѕС‚РєР°;РџР»Р°С‚С„РѕСЂРјР°;Frontend-РёРЅР¶РµРЅРµСЂ;03.авг;91600
РЎРµР»РµР·РЅРµРІР° РРІР°РЅРЅР° РњРёСЂРѕРЅРѕРІРЅР°;Р Р°Р·СЂР°Р±РѕС‚РєР°;Р’РЅСѓС‚СЂРµРЅРЅРёР№ РїРѕСЂС‚Р°Р»;Frontend-РёРЅР¶РµРЅРµСЂ;5.0;120000
Р›РѕР±Р°РЅРѕРІР° РђРЅРіРµР»РёРЅР° Р’Р°РґРёРјРѕРІРЅР°;РђРЅР°Р»РёС‚РёРєР°;Product;Data Science РёРЅР¶РµРЅРµСЂ;04.фев;115900
РљР°РїСѓСЃС‚РёРЅР° Р•РІРїСЂР°РєСЃРёСЏ Р¤РµРґРѕСЂРѕРІРЅР°;Р‘СѓС…РіР°Р»С‚РµСЂРёСЏ;РљРѕРјРїРµРЅСЃР°С†РёРё Рё Р»СЊРіРѕС‚С‹;Р‘СѓС…РіР°Р»С‚РµСЂ;04.июл;108700
РќРёС„РѕРЅС‚ Р“СЂРёРіРѕСЂСЊРµРІРёС‡ РќРёРєРѕРЅРѕРІ;РђРЅР°Р»РёС‚РёРєР°;Product;ML-РёРЅР¶РµРЅРµСЂ;04.июн;61800
Р”Р°РІС‹РґРѕРІР° РђРіР°С„СЊСЏ Р“СЂРёРіРѕСЂСЊРµРІРЅР°;РњР°СЂРєРµС‚РёРЅРі;Direct;РњР°СЂРєРµС‚РёРЅРі-РјРµРЅРµРґР¶РµСЂ;04.авг;123100
РћСЃРёРїРѕРІ РњР°СЂРє РҐР°СЂРёС‚РѕРЅРѕРІРёС‡;Р Р°Р·СЂР°Р±РѕС‚РєР°;РџР»Р°С‚С„РѕСЂРјР°;Backend-РёРЅР¶РµРЅРµСЂ;04.сен;99200
Р¤РёР»РёРїРїРѕРІ РњРёСЂРѕРЅ Р“СѓСЂСЊРµРІРёС‡;РђРЅР°Р»РёС‚РёРєР°;Product;ML-РёРЅР¶РµРЅРµСЂ;04.мар;78300
Р—РёРЅР°РёРґР° Р’Р°РґРёРјРѕРІРЅР° Р‘РѕР±С‹Р»РµРІР°;Р‘СѓС…РіР°Р»С‚РµСЂРёСЏ;РљРѕРјРїРµРЅСЃР°С†РёРё Рё Р»СЊРіРѕС‚С‹;Р‘СѓС…РіР°Р»С‚РµСЂ;04.сен;72700
Р РѕРґРёРѕРЅРѕРІР° РЎРёРЅРєР»РёС‚РёРєРёСЏ РљСѓР·СЊРјРёРЅРёС‡РЅР°;РђРЅР°Р»РёС‚РёРєР°;DWH;ML-РёРЅР¶РµРЅРµСЂ;03.май;55200
РљРѕС€РµР»РµРІР° РРІР°РЅРЅР° РљРѕРЅСЃС‚Р°РЅС‚РёРЅРѕРІРЅР°;РњР°СЂРєРµС‚РёРЅРі;Direct;РњР°СЂРєРµС‚РёРЅРі-РјРµРЅРµРґР¶РµСЂ;04.фев;76100
РљР°Р±Р°РЅРѕРІР° РўР°РёСЃРёСЏ РљСѓР·СЊРјРёРЅРёС‡РЅР°;Р Р°Р·СЂР°Р±РѕС‚РєР°;Р’РЅСѓС‚СЂРµРЅРЅРёР№ РїРѕСЂС‚Р°Р»;РџСЂРѕРґР°РєС‚-РјРµРЅРµРґР¶РµСЂ;04.мар;121300
РњРѕР»С‡Р°РЅРѕРІ Р¤РµРґРѕС‚ РРѕСЃРёРїРѕРІРёС‡;РџСЂРѕРґР°Р¶Рё;B2B;Sales manager;03.июл;87600
РљРѕРјРёСЃСЃР°СЂРѕРІ РќРёРєРёС‚Р° РђСЂСЃРµРЅРѕРІРёС‡;РђРЅР°Р»РёС‚РёРєР°;DWH;ML-РёРЅР¶РµРЅРµСЂ;04.июл;71800
РЎСѓРІРѕСЂРѕРІР° РђР»Р»Р° РЎС‚РµРїР°РЅРѕРІРЅР°;РђРЅР°Р»РёС‚РёРєР°;DWH;ML-РёРЅР¶РµРЅРµСЂ;04.июн;96400
РўСЂРѕС„РёРјРѕРІ РђРіРіРµР№ Р¤РёР»РёРјРѕРЅРѕРІРёС‡;РњР°СЂРєРµС‚РёРЅРі;Direct;РњР°СЂРєРµС‚РёРЅРі-РјРµРЅРµРґР¶РµСЂ;04.июл;114900
РђРЅРёРєРµР№ Р“РѕСЂРґРµРµРІРёС‡ Р СЏР±РѕРІ;Р Р°Р·СЂР°Р±РѕС‚РєР°;Р’РЅСѓС‚СЂРµРЅРЅРёР№ РїРѕСЂС‚Р°Р»;Backend-РёРЅР¶РµРЅРµСЂ;04.авг;85800
Р›РёРґРёСЏ Р СѓР±РµРЅРѕРІРЅР° РЈРІР°СЂРѕРІР°;РњР°СЂРєРµС‚РёРЅРі;Direct;РњР°СЂРєРµС‚РёРЅРі-РјРµРЅРµРґР¶РµСЂ;03.июл;117600
РљРѕР·Р»РѕРІР° Р›СЋРґРјРёР»Р° Р“РµРЅРЅР°РґРёРµРІРЅР°;Р‘СѓС…РіР°Р»С‚РµСЂРёСЏ;Р—Р°СЂРїР»Р°С‚Р°;Р‘СѓС…РіР°Р»С‚РµСЂ;04.мар;72600
РђРіР°С„РѕРЅ Р®Р»СЊРµРІРёС‡ РљСѓР»Р°РєРѕРІ;Р Р°Р·СЂР°Р±РѕС‚РєР°;Р’РЅСѓС‚СЂРµРЅРЅРёР№ РїРѕСЂС‚Р°Р»;Android-РёРЅР¶РµРЅРµСЂ;03.авг;70500
РџРµС‚СѓС…РѕРІР° РЎРёРЅРєР»РёС‚РёРєРёСЏ РЎРµРјРµРЅРѕРІРЅР°;Р Р°Р·СЂР°Р±РѕС‚РєР°;Р’РЅСѓС‚СЂРµРЅРЅРёР№ РїРѕСЂС‚Р°Р»;РџСЂРѕРґР°РєС‚-РјРµРЅРµРґР¶РµСЂ;03.июл;100300
Р•РІРїСЂР°РєСЃРёСЏ Р СѓСЃР»Р°РЅРѕРІРЅР° Р”СЂРѕР·РґРѕРІР°;РџСЂРѕРґР°Р¶Рё;B2C;Key account manager;5.0;68300
Р‘СЂРѕРЅРёСЃР»Р°РІ Р­РґРіР°СЂРґРѕРІРёС‡ Р‘РµР»РѕР·РµСЂРѕРІ;РџСЂРѕРґР°Р¶Рё;B2B;Key account manager;04.авг;110600
РњРёС…РµР№ Р”РµРЅРёСЃРѕРІРёС‡ Р¤РёР»РёРїРїРѕРІ;Р Р°Р·СЂР°Р±РѕС‚РєР°;Р’РЅСѓС‚СЂРµРЅРЅРёР№ РїРѕСЂС‚Р°Р»;РџСЂРѕРґР°РєС‚-РјРµРЅРµРґР¶РµСЂ;03.июн;92900
Р”РѕСЂРѕРЅРёРЅР° РџСЂР°СЃРєРѕРІСЊСЏ РњР°РєР°СЂРѕРІРЅР°;Р Р°Р·СЂР°Р±РѕС‚РєР°;Р’РЅСѓС‚СЂРµРЅРЅРёР№ РїРѕСЂС‚Р°Р»;РџСЂРѕРґР°РєС‚-РјРµРЅРµРґР¶РµСЂ;04.апр;102800
РЎРёРјРѕРЅРѕРІР° РђР»РµРІС‚РёРЅР° Р’Р»Р°РґРёСЃР»Р°РІРѕРІРЅР°;Р‘СѓС…РіР°Р»С‚РµСЂРёСЏ;РљРѕРјРїРµРЅСЃР°С†РёРё Рё Р»СЊРіРѕС‚С‹;Р‘СѓС…РіР°Р»С‚РµСЂ;04.июл;78300
РџРѕР»РёРЅР° Р’Р°РґРёРјРѕРІРЅР° РЎР°РІРёРЅР°;Р Р°Р·СЂР°Р±РѕС‚РєР°;РћСЃРЅРѕРІРЅРѕР№ РїСЂРѕРґСѓРєС‚;Backend-РёРЅР¶РµРЅРµСЂ;04.июл;92200
Р РѕРјР°РЅ Р’Р°Р»РµСЂСЊРµРІРёС‡ РҐРѕС…Р»РѕРІ;Р Р°Р·СЂР°Р±РѕС‚РєР°;РџР»Р°С‚С„РѕСЂРјР°;Android-РёРЅР¶РµРЅРµСЂ;04.апр;56000
РђСЂС…РёРї Р¤РѕРјРёС‡ РЎСѓРІРѕСЂРѕРІ;РџСЂРѕРґР°Р¶Рё;B2B;Sales manager;04.сен;93000
Р›СЋР±РёРј Р”Р°РІС‹РґРѕРІРёС‡ РЎРјРёСЂРЅРѕРІ;РњР°СЂРєРµС‚РёРЅРі;Direct;РњР°СЂРєРµС‚РёРЅРі-РјРµРЅРµРґР¶РµСЂ;04.май;63800
РђР»РµРєСЃРµРµРІ РЎРѕР»РѕРјРѕРЅ Р•С„РёРјСЊРµРІРёС‡;РџСЂРѕРґР°Р¶Рё;B2C;Sales manager;04.июл;88200
Р›Р°СЂРёСЃР° Р’Р°Р»РµСЂРёРµРІРЅР° Р“Р°РІСЂРёР»РѕРІР°;РђРЅР°Р»РёС‚РёРєР°;Product;Data Science РёРЅР¶РµРЅРµСЂ;04.июн;119200
Рі-РЅ РћСЃРёРїРѕРІ РЎРѕР»РѕРјРѕРЅ РҐР°СЂР»Р°РјРѕРІРёС‡;РњР°СЂРєРµС‚РёРЅРі;Direct;РњР°СЂРєРµС‚РёРЅРі-РјРµРЅРµРґР¶РµСЂ;03.авг;60600
Р­РјРёР»РёСЏ РРіРѕСЂРµРІРЅР° РџРµС‚СѓС…РѕРІР°;Р‘СѓС…РіР°Р»С‚РµСЂРёСЏ;Р—Р°СЂРїР»Р°С‚Р°;Р‘СѓС…РіР°Р»С‚РµСЂ;04.янв;104400
РђР»Р»Р° Р—Р°С…Р°СЂРѕРІРЅР° РњРµР»СЊРЅРёРєРѕРІР°;Р‘СѓС…РіР°Р»С‚РµСЂРёСЏ;РљРѕРјРїРµРЅСЃР°С†РёРё Рё Р»СЊРіРѕС‚С‹;Р‘СѓС…РіР°Р»С‚РµСЂ;03.июл;116200
Р’Р°СЂР»Р°Р°Рј Р•СЂРјРѕР»Р°РµРІРёС‡ Р›РѕР±Р°РЅРѕРІ;РђРЅР°Р»РёС‚РёРєР°;DWH;Data Science РёРЅР¶РµРЅРµСЂ;04.авг;64100
РџРѕРЅРѕРјР°СЂРµРІ РР·СЏСЃР»Р°РІ РђСЂСЃРµРЅСЊРµРІРёС‡;Р Р°Р·СЂР°Р±РѕС‚РєР°;Р’РЅСѓС‚СЂРµРЅРЅРёР№ РїРѕСЂС‚Р°Р»;Frontend-РёРЅР¶РµРЅРµСЂ;03.июн;87400
РњР°РєР°СЂ РҐР°СЂРёС‚РѕРЅРѕРІРёС‡ РЎРёР»РёРЅ;Р‘СѓС…РіР°Р»С‚РµСЂРёСЏ;Р—Р°СЂРїР»Р°С‚Р°;Р‘СѓС…РіР°Р»С‚РµСЂ;03.авг;100900
РњРёС…РµРµРІР° РќР°С‚Р°Р»СЊСЏ Р’Р°Р»РµРЅС‚РёРЅРѕРІРЅР°;Р Р°Р·СЂР°Р±РѕС‚РєР°;РџР»Р°С‚С„РѕСЂРјР°;Android-РёРЅР¶РµРЅРµСЂ;03.июн;120000
РћР»СЊРіР° РђРЅС‚РѕРЅРѕРІРЅР° Р©СѓРєРёРЅР°;РџСЂРѕРґР°Р¶Рё;Р“РѕСЃС‹;Sales manager;03.июн;56900
Р¤РѕРјРёС‡РµРІ Р¤Р»РѕСЂРµРЅС‚РёРЅ РРіРѕСЂРµРІРёС‡;РђРЅР°Р»РёС‚РёРєР°;DWH;Data Science РёРЅР¶РµРЅРµСЂ;03.июл;86600
РљСЃРµРЅРёСЏ РЎС‚Р°РЅРёСЃР»Р°РІРѕРІРЅР° РђР»РµРєСЃРµРµРІР°;Р‘СѓС…РіР°Р»С‚РµСЂРёСЏ;Р—Р°СЂРїР»Р°С‚Р°;Р‘СѓС…РіР°Р»С‚РµСЂ;04.сен;110700
Р›СѓС‡РµР·Р°СЂ Р•Р»РёСЃРµРµРІРёС‡ Р•С„СЂРµРјРѕРІ;Р Р°Р·СЂР°Р±РѕС‚РєР°;Р’РЅСѓС‚СЂРµРЅРЅРёР№ РїРѕСЂС‚Р°Р»;Frontend-РёРЅР¶РµРЅРµСЂ;04.апр;59100
РЎР°С„РѕРЅРѕРІР° РСЂРёРЅР° Р’Р°РґРёРјРѕРІРЅР°;РњР°СЂРєРµС‚РёРЅРі;Performance;РњР°СЂРєРµС‚РёРЅРі-РјРµРЅРµРґР¶РµСЂ;5.0;89800
РЁРёР»РѕРІ РљР°Р·РёРјРёСЂ Р’СЏС‡РµСЃР»Р°РІРѕРІРёС‡;РњР°СЂРєРµС‚РёРЅРі;Performance;РњР°СЂРєРµС‚РёРЅРі-РјРµРЅРµРґР¶РµСЂ;04.авг;113800
Р¤РёР»Р°СЂРµС‚ РђСЂСЃРµРЅРѕРІРёС‡ РЎСѓС…Р°РЅРѕРІ;Р‘СѓС…РіР°Р»С‚РµСЂРёСЏ;Р—Р°СЂРїР»Р°С‚Р°;Р‘СѓС…РіР°Р»С‚РµСЂ;03.авг;107300
Р“РµРЅРЅР°РґРёР№ Р”Р°РІРёРґРѕРІРёС‡ Р‘РёСЂСЋРєРѕРІ;РњР°СЂРєРµС‚РёРЅРі;Performance;РњР°СЂРєРµС‚РёРЅРі-РјРµРЅРµРґР¶РµСЂ;03.сен;124300
Р›СѓРєРёСЏ Р–РґР°РЅРѕРІРЅР° РљРѕРјР°СЂРѕРІР°;РђРЅР°Р»РёС‚РёРєР°;Product;ML-РёРЅР¶РµРЅРµСЂ;04.апр;94600
Р•РІРіРµРЅРёСЏ РўР°СЂР°СЃРѕРІРЅР° РљРѕРЅРґСЂР°С‚СЊРµРІР°;РџСЂРѕРґР°Р¶Рё;B2C;Key account manager;04.июн;86200
Р¤РёР»РёРјРѕРЅ РР»Р°СЂРёРѕРЅРѕРІРёС‡ Р—РёРЅРѕРІСЊРµРІ;РњР°СЂРєРµС‚РёРЅРі;Performance;РњР°СЂРєРµС‚РёРЅРі-РјРµРЅРµРґР¶РµСЂ;03.сен;62600
РђР»РёРЅР° РњРёСЂРѕРЅРѕРІРЅР° Р’РѕСЂРѕРЅС†РѕРІР°;РџСЂРѕРґР°Р¶Рё;B2B;Key account manager;04.апр;97600
РџРѕС‚Р°РїРѕРІР° Р–Р°РЅРЅР° Р“РµРЅРЅР°РґСЊРµРІРЅР°;Р Р°Р·СЂР°Р±РѕС‚РєР°;РџР»Р°С‚С„РѕСЂРјР°;Android-РёРЅР¶РµРЅРµСЂ;04.апр;122300
РСЃРёРґРѕСЂ Р¤РёР»РёРїРїРѕРІРёС‡ РџРѕРїРѕРІ;РџСЂРѕРґР°Р¶Рё;B2C;Sales manager;03.авг;84700
РўРІРµСЂРґРёСЃР»Р°РІ РРіРЅР°С‚СЊРµРІРёС‡ РђС„Р°РЅР°СЃСЊРµРІ;РђРЅР°Р»РёС‚РёРєР°;Product;Data Science РёРЅР¶РµРЅРµСЂ;5.0;112600
Р‘РµСЃРїР°Р»РѕРІ РСЂР°РєР»РёР№ РђРЅС‚РѕРЅРѕРІРёС‡;Р Р°Р·СЂР°Р±РѕС‚РєР°;РћСЃРЅРѕРІРЅРѕР№ РїСЂРѕРґСѓРєС‚;iOS-РёРЅР¶РµРЅРµСЂ;04.фев;84200
РњР°Р№СЏ Р›РµРѕРЅРёРґРѕРІРЅР° Р‘Р°СЂР°РЅРѕРІР°;Р Р°Р·СЂР°Р±РѕС‚РєР°;РћСЃРЅРѕРІРЅРѕР№ РїСЂРѕРґСѓРєС‚;РџСЂРѕРґР°РєС‚-РјРµРЅРµРґР¶РµСЂ;04.май;118600
РљСѓР»РёРєРѕРІР° РљСЃРµРЅРёСЏ Р’Р°РґРёРјРѕРІРЅР°;Р‘СѓС…РіР°Р»С‚РµСЂРёСЏ;Р—Р°СЂРїР»Р°С‚Р°;Р‘СѓС…РіР°Р»С‚РµСЂ;04.фев;56100
Р СѓСЃР°РєРѕРІР° РСЂРёРЅР° РђС„Р°РЅР°СЃСЊРµРІРЅР°;РђРЅР°Р»РёС‚РёРєР°;DWH;ML-РёРЅР¶РµРЅРµСЂ;04.янв;100200
РўР°СЂР°СЃРѕРІР° РђР»РµРІС‚РёРЅР° Р–РґР°РЅРѕРІРЅР°;Р Р°Р·СЂР°Р±РѕС‚РєР°;РћСЃРЅРѕРІРЅРѕР№ РїСЂРѕРґСѓРєС‚;iOS-РёРЅР¶РµРЅРµСЂ;04.фев;73900
РќРµСЃС‚РµСЂРѕРІР° Р’Р°Р»РµРЅС‚РёРЅР° РљРёСЂРёР»Р»РѕРІРЅР°;Р Р°Р·СЂР°Р±РѕС‚РєР°;Р’РЅСѓС‚СЂРµРЅРЅРёР№ РїРѕСЂС‚Р°Р»;iOS-РёРЅР¶РµРЅРµСЂ;03.сен;99800
РќРёРЅР° РР»СЊРёРЅРёС‡РЅР° РЈСЃС‚РёРЅРѕРІР°;Р‘СѓС…РіР°Р»С‚РµСЂРёСЏ;Р—Р°СЂРїР»Р°С‚Р°;Р‘СѓС…РіР°Р»С‚РµСЂ;04.апр;100400
РЎС‹СЃРѕРµРІР° Р­РјРёР»РёСЏ РћСЃРєР°СЂРѕРІРЅР°;РџСЂРѕРґР°Р¶Рё;B2B;Sales manager;04.янв;122100
РћСЂР»РѕРІ РћР»РёРјРїРёР№ РђРЅСѓС„СЂРёРµРІРёС‡;РџСЂРѕРґР°Р¶Рё;B2C;Sales manager;03.авг;74800
РҐРѕС…Р»РѕРІР° Р¤С‘РєР»Р° РЎРµСЂРіРµРµРІРЅР°;Р‘СѓС…РіР°Р»С‚РµСЂРёСЏ;Р—Р°СЂРїР»Р°С‚Р°;Р‘СѓС…РіР°Р»С‚РµСЂ;5.0;108300
РљСѓР·СЊРјРёРЅ Р”РµРјРёРґ Р“РµРЅРЅР°РґРёРµРІРёС‡;РђРЅР°Р»РёС‚РёРєР°;Product;Data Science РёРЅР¶РµРЅРµСЂ;04.сен;106300
РњР°СЂРёРЅР° Р–РґР°РЅРѕРІРЅР° РЎРёРґРѕСЂРѕРІР°;РњР°СЂРєРµС‚РёРЅРі;Performance;РњР°СЂРєРµС‚РёРЅРі-РјРµРЅРµРґР¶РµСЂ;4.0;75400
РќР°РґРµР¶РґР° РђРЅС‚РѕРЅРѕРІРЅР° Р›РѕР±Р°РЅРѕРІР°;РњР°СЂРєРµС‚РёРЅРі;Performance;РњР°СЂРєРµС‚РёРЅРі-РјРµРЅРµРґР¶РµСЂ;04.сен;62700
РРіРЅР°С‚РѕРІ РљСѓРїСЂРёСЏРЅ Р’Р°Р»РµСЂСЊСЏРЅРѕРІРёС‡;Р‘СѓС…РіР°Р»С‚РµСЂРёСЏ;Р—Р°СЂРїР»Р°С‚Р°;Р‘СѓС…РіР°Р»С‚РµСЂ;04.мар;59000
Р‘С‹РєРѕРІ РђРЅРёСЃРёРј Р’Р°Р»РµСЂСЊРµРІРёС‡;РџСЂРѕРґР°Р¶Рё;B2C;Sales manager;4.0;121300
РњСЏСЃРЅРёРєРѕРІ Р•РІРґРѕРєРёРј Р’Р»Р°РґРёР»РµРЅРѕРІРёС‡;РњР°СЂРєРµС‚РёРЅРі;Direct;РњР°СЂРєРµС‚РёРЅРі-РјРµРЅРµРґР¶РµСЂ;04.сен;111700
РљРѕРЅРѕРЅРѕРІ РЎРѕС„СЂРѕРЅ Р¤РµРѕРґРѕСЃСЊРµРІРёС‡;Р‘СѓС…РіР°Р»С‚РµСЂРёСЏ;Р—Р°СЂРїР»Р°С‚Р°;Р‘СѓС…РіР°Р»С‚РµСЂ;03.сен;57100
РџРѕР»РёРЅР° РћСЃРєР°СЂРѕРІРЅР° Р”Р°РІС‹РґРѕРІР°;Р Р°Р·СЂР°Р±РѕС‚РєР°;Р’РЅСѓС‚СЂРµРЅРЅРёР№ РїРѕСЂС‚Р°Р»;РџСЂРѕРґР°РєС‚-РјРµРЅРµРґР¶РµСЂ;03.июл;86700
РџР°С…РѕРјРѕРІ РўРёС…РѕРЅ Р“РµСЂР°СЃРёРјРѕРІРёС‡;Р‘СѓС…РіР°Р»С‚РµСЂРёСЏ;Р—Р°СЂРїР»Р°С‚Р°;Р‘СѓС…РіР°Р»С‚РµСЂ;03.сен;105400
Р’Р»Р°РґРёР»РµРЅ Р“РµРЅРЅР°РґРёРµРІРёС‡ РњРѕСЂРѕР·РѕРІ;РђРЅР°Р»РёС‚РёРєР°;Product;ML-РёРЅР¶РµРЅРµСЂ;04.фев;101300
РњР°РєСЃРёРјРѕРІР° Р•РІРґРѕРєРёСЏ Р‘РѕСЂРёСЃРѕРІРЅР°;РџСЂРѕРґР°Р¶Рё;B2B;Sales manager;03.авг;71800
Р’Р°СЃРёР»РёСЃР° Р РѕРјР°РЅРѕРІРЅР° Р“СЂРёС€РёРЅР°;Р Р°Р·СЂР°Р±РѕС‚РєР°;Р’РЅСѓС‚СЂРµРЅРЅРёР№ РїРѕСЂС‚Р°Р»;Frontend-РёРЅР¶РµРЅРµСЂ;04.апр;102500
Р—Р°Р№С†РµРІ Р“РµСЂР°СЃРёРј Р¤РµРґРѕС‚РѕРІРёС‡;РњР°СЂРєРµС‚РёРЅРі;Performance;РњР°СЂРєРµС‚РёРЅРі-РјРµРЅРµРґР¶РµСЂ;04.июл;76800
РЇРєСѓС€РµРІ РќР°СЂРєРёСЃ Р’РёРєРµРЅС‚СЊРµРІРёС‡;Р Р°Р·СЂР°Р±РѕС‚РєР°;Р’РЅСѓС‚СЂРµРЅРЅРёР№ РїРѕСЂС‚Р°Р»;РџСЂРѕРґР°РєС‚-РјРµРЅРµРґР¶РµСЂ;03.июн;101400
Р”РµРјСЊСЏРЅ РР»Р°СЂРёРѕРЅРѕРІРёС‡ РЎРѕР±РѕР»РµРІ;РђРЅР°Р»РёС‚РёРєР°;DWH;Data Science РёРЅР¶РµРЅРµСЂ;04.апр;92600
Р”РµРЅРёСЃ Р’РёР»РѕСЂРѕРІРёС‡ РЁРµСЃС‚Р°РєРѕРІ;РњР°СЂРєРµС‚РёРЅРі;Direct;РњР°СЂРєРµС‚РёРЅРі-РјРµРЅРµРґР¶РµСЂ;04.авг;108500
Р•РІРґРѕРєРёРјРѕРІР° Р›СѓРєРёСЏ Р“РµРЅРЅР°РґРёРµРІРЅР°;Р‘СѓС…РіР°Р»С‚РµСЂРёСЏ;РљРѕРјРїРµРЅСЃР°С†РёРё Рё Р»СЊРіРѕС‚С‹;Р‘СѓС…РіР°Р»С‚РµСЂ;04.июл;64600
РџРѕР»РёРЅР° РўРёРјСѓСЂРѕРІРЅР° РњРµСЂРєСѓС€РµРІР°;РџСЂРѕРґР°Р¶Рё;B2C;Key account manager;04.фев;91500
РњРёР»РёС†Р° РљРёСЂРёР»Р»РѕРІРЅР° РҐРѕС…Р»РѕРІР°;Р Р°Р·СЂР°Р±РѕС‚РєР°;РџР»Р°С‚С„РѕСЂРјР°;РџСЂРѕРґР°РєС‚-РјРµРЅРµРґР¶РµСЂ;5.0;124900
РљРёСЃРµР»РµРІР° Р›СЋР±РѕРІСЊ РљРёСЂРёР»Р»РѕРІРЅР°;РђРЅР°Р»РёС‚РёРєР°;DWH;Data Science РёРЅР¶РµРЅРµСЂ;04.апр;73900
Р›РѕРіРёРЅРѕРІ Р’РµРЅРµРґРёРєС‚ РЈСЃС‚РёРЅРѕРІРёС‡;РњР°СЂРєРµС‚РёРЅРі;Performance;РњР°СЂРєРµС‚РёРЅРі-РјРµРЅРµРґР¶РµСЂ;03.авг;99100
РљРѕРЅРѕРЅРѕРІ РРіРЅР°С‚РёР№ РР·РјР°РёР»РѕРІРёС‡;РђРЅР°Р»РёС‚РёРєР°;DWH;ML-РёРЅР¶РµРЅРµСЂ;04.май;73800
Р•РІС„СЂРѕСЃРёРЅРёСЏ РђР»СЊР±РµСЂС‚РѕРІРЅР° РџРѕР»СЏРєРѕРІР°;РњР°СЂРєРµС‚РёРЅРі;Direct;РњР°СЂРєРµС‚РёРЅРі-РјРµРЅРµРґР¶РµСЂ;04.янв;106600
Р‘РµСЃРїР°Р»РѕРІР° РџРµР»Р°РіРµСЏ РРіРѕСЂРµРІРЅР°;Р Р°Р·СЂР°Р±РѕС‚РєР°;Р’РЅСѓС‚СЂРµРЅРЅРёР№ РїРѕСЂС‚Р°Р»;Backend-РёРЅР¶РµРЅРµСЂ;04.июн;102300
Р›СѓРєРёРЅ РЎРѕС„РѕРЅ Р’Р»Р°СЃРѕРІРёС‡;РњР°СЂРєРµС‚РёРЅРі;Performance;РњР°СЂРєРµС‚РёРЅРі-РјРµРЅРµРґР¶РµСЂ;04.янв;65900
Р›СЋР±РѕРјРёСЂ РђРєСЃС‘РЅРѕРІРёС‡ РњРѕСЂРѕР·РѕРІ;Р‘СѓС…РіР°Р»С‚РµСЂРёСЏ;Р—Р°СЂРїР»Р°С‚Р°;Р‘СѓС…РіР°Р»С‚РµСЂ;03.июн;92000
Р Р°РґРёСЃР»Р°РІ Р­РґСѓР°СЂРґРѕРІРёС‡ РљСѓР»Р°РіРёРЅ;РџСЂРѕРґР°Р¶Рё;Р“РѕСЃС‹;Sales manager;03.авг;114800
Р›РѕР±Р°РЅРѕРІР° РЎРёРЅРєР»РёС‚РёРєРёСЏ Р’Р»Р°РґРёРјРёСЂРѕРІРЅР°;РџСЂРѕРґР°Р¶Рё;B2C;Sales manager;04.фев;91200
Р­РјРёР»РёСЏ Р–РґР°РЅРѕРІРЅР° РџР°РЅРѕРІР°;Р Р°Р·СЂР°Р±РѕС‚РєР°;РћСЃРЅРѕРІРЅРѕР№ РїСЂРѕРґСѓРєС‚;Frontend-РёРЅР¶РµРЅРµСЂ;03.июл;70700
РђРіР°С„СЊСЏ РћСЃРєР°СЂРѕРІРЅР° Р•РјРµР»СЊСЏРЅРѕРІР°;РџСЂРѕРґР°Р¶Рё;B2C;Key account manager;04.мар;63500
Р•СЂС€РѕРІ РЎРµР»РёРІР°РЅ Р’РµРЅРµРґРёРєС‚РѕРІРёС‡;Р Р°Р·СЂР°Р±РѕС‚РєР°;РџР»Р°С‚С„РѕСЂРјР°;iOS-РёРЅР¶РµРЅРµСЂ;04.сен;118400
Р•РІРїСЂР°РєСЃРёСЏ РР»СЊРёРЅРёС‡РЅР° Р—Р°Р№С†РµРІР°;Р‘СѓС…РіР°Р»С‚РµСЂРёСЏ;Р—Р°СЂРїР»Р°С‚Р°;Р‘СѓС…РіР°Р»С‚РµСЂ;03.сен;119400
РљРёСЂР° РљРёСЂРёР»Р»РѕРІРЅР° Р›Р°РїРёРЅР°;Р‘СѓС…РіР°Р»С‚РµСЂРёСЏ;Р—Р°СЂРїР»Р°С‚Р°;Р‘СѓС…РіР°Р»С‚РµСЂ;03.май;108800
Р•РІСЃС‚РёРіРЅРµР№ Р”РµРЅРёСЃРѕРІРёС‡ Р“РѕСЂРґРµРµРІ;РњР°СЂРєРµС‚РёРЅРі;Direct;РњР°СЂРєРµС‚РёРЅРі-РјРµРЅРµРґР¶РµСЂ;04.июн;107900
РќРµРєСЂР°СЃРѕРІ РђР·Р°СЂРёР№ Р®Р»СЊРµРІРёС‡;Р Р°Р·СЂР°Р±РѕС‚РєР°;РџР»Р°С‚С„РѕСЂРјР°;iOS-РёРЅР¶РµРЅРµСЂ;04.июл;70400
Р‘РµСЃРїР°Р»РѕРІР° Р•Р»РµРЅР° Р’Р°СЃРёР»СЊРµРІРЅР°;РњР°СЂРєРµС‚РёРЅРі;Performance;РњР°СЂРєРµС‚РёРЅРі-РјРµРЅРµРґР¶РµСЂ;04.янв;121000
Р­РјРёР»РёСЏ РРІР°РЅРѕРІРЅР° Р“СЂРёРіРѕСЂСЊРµРІР°;РџСЂРѕРґР°Р¶Рё;Р“РѕСЃС‹;Sales manager;04.янв;93200
Р’РёРєС‚РѕСЂ Р¤С‘РґРѕСЂРѕРІРёС‡ Р•С„РёРјРѕРІ;РџСЂРѕРґР°Р¶Рё;B2B;Sales manager;03.авг;92900
Р’РѕСЂРѕРЅС†РѕРІР° РђР»РёРЅР° РђР»СЊР±РµСЂС‚РѕРІРЅР°;РњР°СЂРєРµС‚РёРЅРі;Direct;РњР°СЂРєРµС‚РёРЅРі-РјРµРЅРµРґР¶РµСЂ;03.июн;89800
Рі-РЅ РСЃР°РµРІ РџР°РЅС‚РµР»РµР№РјРѕРЅ Р‘РѕСЂРёСЃР»Р°РІРѕРІРёС‡;РњР°СЂРєРµС‚РёРЅРі;Performance;РњР°СЂРєРµС‚РёРЅРі-РјРµРЅРµРґР¶РµСЂ;03.авг;84100
Р“РѕСЃС‚РѕРјС‹СЃР» РђСЂС‚РµРјСЊРµРІРёС‡ РќРёРєРёС‚РёРЅ;РњР°СЂРєРµС‚РёРЅРі;Performance;РњР°СЂРєРµС‚РёРЅРі-РјРµРЅРµРґР¶РµСЂ;03.авг;117300
Р›РёРґРёСЏ РўРёРјСѓСЂРѕРІРЅР° РљСѓР»Р°РєРѕРІР°;РџСЂРѕРґР°Р¶Рё;B2C;Sales manager;04.июл;83500
РСЂР°РёРґР° РњР°РєСЃРёРјРѕРІРЅР° РЎСѓР±Р±РѕС‚РёРЅР°;РџСЂРѕРґР°Р¶Рё;B2C;Key account manager;04.мар;106600
РњРёРЅР° Р’СЏС‡РµСЃР»Р°РІРѕРІРёС‡ Р—РёРјРёРЅ;РџСЂРѕРґР°Р¶Рё;B2B;Sales manager;03.июн;88100
РџРѕР»РёРЅР° РРІР°РЅРѕРІРЅР° РљРѕРЅСЃС‚Р°РЅС‚РёРЅРѕРІР°;Р‘СѓС…РіР°Р»С‚РµСЂРёСЏ;Р—Р°СЂРїР»Р°С‚Р°;Р‘СѓС…РіР°Р»С‚РµСЂ;04.фев;60300
РСЂР°РёРґР° Р‘РѕРіРґР°РЅРѕРІРЅР° РљРѕС€РµР»РµРІР°;Р‘СѓС…РіР°Р»С‚РµСЂРёСЏ;Р—Р°СЂРїР»Р°С‚Р°;Р‘СѓС…РіР°Р»С‚РµСЂ;03.июл;100100
Р‘РѕРіРґР°РЅРѕРІ РЇРєРѕРІ Р’СЏС‡РµСЃР»Р°РІРѕРІРёС‡;Р Р°Р·СЂР°Р±РѕС‚РєР°;РћСЃРЅРѕРІРЅРѕР№ РїСЂРѕРґСѓРєС‚;Frontend-РёРЅР¶РµРЅРµСЂ;4.0;106200
Р’Р»Р°РґРёРјРёСЂРѕРІР° РђРЅР¶РµР»РёРєР° РђР»СЊР±РµСЂС‚РѕРІРЅР°;РњР°СЂРєРµС‚РёРЅРі;Direct;РњР°СЂРєРµС‚РёРЅРі-РјРµРЅРµРґР¶РµСЂ;04.июн;96800
РњР°С‚РІРµРµРІ Р’РёРєРµРЅС‚РёР№ РђРґСЂРёР°РЅРѕРІРёС‡;РњР°СЂРєРµС‚РёРЅРі;Performance;РњР°СЂРєРµС‚РёРЅРі-РјРµРЅРµРґР¶РµСЂ;4.0;120400
Р•РІРїСЂР°РєСЃРёСЏ Р’Р°Р»РµСЂРёРµРІРЅР° РўСЂРµС‚СЊСЏРєРѕРІР°;Р Р°Р·СЂР°Р±РѕС‚РєР°;РћСЃРЅРѕРІРЅРѕР№ РїСЂРѕРґСѓРєС‚;Frontend-РёРЅР¶РµРЅРµСЂ;03.сен;86200
РљСѓРґСЂСЏС€РѕРІ РђРЅРёРєРµР№ РђРІРіСѓСЃС‚РѕРІРёС‡;РџСЂРѕРґР°Р¶Рё;B2B;Sales manager;4.0;67600
Р•С„СЂРµРјРѕРІР° Р’РёРєС‚РѕСЂРёСЏ РћР»РµРіРѕРІРЅР°;РџСЂРѕРґР°Р¶Рё;B2B;Key account manager;04.сен;55700
РЁСѓР±РёРЅР° РђРЅС‚РѕРЅРёРЅР° РЎС‚РµРїР°РЅРѕРІРЅР°;РџСЂРѕРґР°Р¶Рё;B2C;Sales manager;04.авг;105700
РћР»СЊРіР° Р•РІРіРµРЅСЊРµРІРЅР° РњРёС€РёРЅР°;Р‘СѓС…РіР°Р»С‚РµСЂРёСЏ;Р—Р°СЂРїР»Р°С‚Р°;Р‘СѓС…РіР°Р»С‚РµСЂ;04.май;110300
РќРёРєРёС„РѕСЂ РђР»РµРєСЃРµРµРІРёС‡ РќРѕСЃРѕРІ;РђРЅР°Р»РёС‚РёРєР°;DWH;Data Science РёРЅР¶РµРЅРµСЂ;04.авг;118900
РњРѕСЂРѕР·РѕРІ Р•РІРіРµРЅРёР№ Р’Р°Р»РµСЂРёР°РЅРѕРІРёС‡;Р Р°Р·СЂР°Р±РѕС‚РєР°;РџР»Р°С‚С„РѕСЂРјР°;iOS-РёРЅР¶РµРЅРµСЂ;03.сен;100600
РџРѕР»СЏРєРѕРІР° РљСЃРµРЅРёСЏ РђРЅС‚РѕРЅРѕРІРЅР°;Р‘СѓС…РіР°Р»С‚РµСЂРёСЏ;РљРѕРјРїРµРЅСЃР°С†РёРё Рё Р»СЊРіРѕС‚С‹;Р‘СѓС…РіР°Р»С‚РµСЂ;04.сен;113100
Р—РёРјРёРЅР° РђРЅРЅР° РЎС‚Р°РЅРёСЃР»Р°РІРѕРІРЅР°;РџСЂРѕРґР°Р¶Рё;Р“РѕСЃС‹;Sales manager;04.апр;95200
РђР»РµРІС‚РёРЅР° Р’Р°СЃРёР»СЊРµРІРЅР° РЎР°РІРµР»СЊРµРІР°;Р‘СѓС…РіР°Р»С‚РµСЂРёСЏ;Р—Р°СЂРїР»Р°С‚Р°;Р‘СѓС…РіР°Р»С‚РµСЂ;04.янв;79600
Р‘РѕР±СЂРѕРІ РЇСЂРѕСЃР»Р°РІ РЇРєРѕРІР»РµРІРёС‡;Р‘СѓС…РіР°Р»С‚РµСЂРёСЏ;Р—Р°СЂРїР»Р°С‚Р°;Р‘СѓС…РіР°Р»С‚РµСЂ;03.июн;78200
РЈСЃС‚РёРЅРѕРІР° РСЂР°РёРґР° Р СѓР±РµРЅРѕРІРЅР°;РњР°СЂРєРµС‚РёРЅРі;Direct;РњР°СЂРєРµС‚РёРЅРі-РјРµРЅРµРґР¶РµСЂ;04.июл;55500
РћСЃРёРїРѕРІР° РСЏ РђР»СЊР±РµСЂС‚РѕРІРЅР°;Р‘СѓС…РіР°Р»С‚РµСЂРёСЏ;РљРѕРјРїРµРЅСЃР°С†РёРё Рё Р»СЊРіРѕС‚С‹;Р‘СѓС…РіР°Р»С‚РµСЂ;04.фев;67100
РРІР°РЅРЅР° РњР°С‚РІРµРµРІРЅР° Р”Р°РЅРёР»РѕРІР°;Р‘СѓС…РіР°Р»С‚РµСЂРёСЏ;РљРѕРјРїРµРЅСЃР°С†РёРё Рё Р»СЊРіРѕС‚С‹;Р‘СѓС…РіР°Р»С‚РµСЂ;04.мар;111900
